{"rowname": ["count", "mean", "std", "min", "25%", "50%", "75%", "max"], "recent": [18417.0, 2858.0378997665202, 1081.4378683668392, 1606.0, 1849.0, 2675.0, 3735.0, 5619.0], "freq": [18417.0, 2.7823749796383774, 2.9368882703928314, 1.0, 1.0, 2.0, 3.0, 45.0], "money": [18417.0, 57.79298510181561, 154.36010930845663, 5.0, 21.666666666666668, 30.0, 50.0, 4500.0], "first_days": [18417.0, 3589.0098821740785, 1133.4054412883127, 1606.0, 2593.0, 3692.0, 4597.0, 5621.0]}